{
  "countries": [
    {
      "country": "India",
      "states": [
  {
    "districts": ["North and Middle Andaman", "South Andaman", "Nicobar"],
    "state": "Andaman and Nicobar Islands"
  },
  {
    "districts": [
      "Alluri Sitharama Raju",
      "Anakapalli",
      "Anantapur",
      "Annamayya",
      "Bapatla",
      "Chittoor",
      "Dr. B. R. Ambedkar Konaseema",
      "East Godavari",
      "Eluru",
      "Guntur",
      "Kakinada",
      "Krishna",
      "Kurnool",
      "Nandyal",
      "NTR",
      "Palnadu",
      "Parvathipuram Manyam",
      "Prakasam",
      "Sri Potti Sriramulu Nellore",
      "Srikakulam",
      "Sri Sathya Sai",
      "Tirupati",
      "Visakhapatnam",
      "Vizianagaram",
      "West Godavari",
      "YSR"
    ],
    "state": "Andhra Pradesh"
  },
  {
    "districts": [
      "Anjaw",
      "Bichom",
      "Changlang",
      "Dibang Valley",
      "East Kameng",
      "East Siang",
      "Kamle",
      "Kra Daadi",
      "Kurung Kumey",
      "Keyi Panyor",
      "Lepa-Rada",
      "Lohit",
      "Longding",
      "Lower Dibang Valley",
      "Lower Siang",
      "Lower Subansiri",
      "Namsai",
      "Pakke-Kessang",
      "Papum Pare",
      "Shi-Yomi",
      "Siang",
      "Tawang",
      "Tirap",
      "Upper Siang",
      "Upper Subansiri",
      "West Kameng",
      "West Siang"
    ],
    "state": "Arunachal Pradesh"
  },
  {
    "districts": [
      "Baksa",
      "Barpeta",
      "Biswanath",
      "Bongaigaon",
      "Cachar",
      "Charaideo",
      "Chirang",
      "Darrang",
      "Dhemaji",
      "Dhubri",
      "Dibrugarh",
      "Dima Hasao",
      "Goalpara",
      "Golaghat",
      "Hailakandi",
      "Hojai",
      "Jorhat",
      "Kamrup",
      "Kamrup Metropolitan",
      "Karbi Anglong",
      "Karimganj",
      "Kokrajhar",
      "Lakhimpur",
      "Majuli",
      "Morigaon",
      "Nagaon",
      "Nalbari",
      "Sivasagar",
      "Sonitpur",
      "South Salmara-Mankachar",
      "Tamulpur",
      "Tinsukia",
      "Udalguri",
      "West Karbi Anglong"
    ],
    "state": "Assam"
  },
  {
    "districts": [
      "Araria",
      "Arwal",
      "Aurangabad",
      "Banka",
      "Begusarai",
      "Bhagalpur",
      "Bhojpur",
      "Buxar",
      "Darbhanga",
      "East Champaran",
      "Gaya",
      "Gopalganj",
      "Jamui",
      "Jehanabad",
      "Kaimur",
      "Katihar",
      "Khagaria",
      "Kishanganj",
      "Lakhisarai",
      "Madhepura",
      "Madhubani",
      "Munger",
      "Muzaffarpur",
      "Nalanda",
      "Nawada",
      "Patna",
      "Purnia",
      "Rohtas",
      "Saharsa",
      "Samastipur",
      "Saran",
      "Sheikhpura",
      "Sheohar",
      "Sitamarhi",
      "Siwan",
      "Supaul",
      "Vaishali",
      "West Champaran"
    ],
    "state": "Bihar"
  },
  {
    "districts": [
      "Balod",
      "Baloda Bazar",
      "Balrampur",
      "Bastar",
      "Bemetara",
      "Bijapur",
      "Bilaspur",
      "Dantewada",
      "Dhamtari",
      "Durg",
      "Gariaband",
      "Gaurela-Pendra-Marwahi",
      "Janjgir-Champa",
      "Jashpur",
      "Kabirdham",
      "Kanker",
      "Kondagaon",
      "Korba",
      "Koriya",
      "Mahasamund",
      "Mungeli",
      "Narayanpur",
      "Raigarh",
      "Raipur",
      "Rajnandgaon",
      "Sarangarh-Bilaigarh",
      "Sakti",
      "Sukma",
      "Surguja",
      "Khairagarh-Chhuikhadan-Gandai"
    ],
    "state": "Chhattisgarh"
  },
  {
    "districts": ["Silvassa*"],
    "state": "Dadra and Nagar Haveli"
  },
  {
    "districts": ["Delhi", "New Delhi*"],
    "state": "Delhi"
  },
  {
    "districts": ["Mapusa", "Margao", "Marmagao", "Panaji*"],
    "state": "Goa"
  },
  {
    "districts": [
      "Adalaj",
      "Ahmedabad",
      "Amreli",
      "Anand",
      "Anjar",
      "Ankleshwar",
      "Bharuch",
      "Bhavnagar",
      "Bhuj",
      "Chhapra",
      "Deesa",
      "Dhoraji",
      "Godhra",
      "Jamnagar",
      "Kadi",
      "Kapadvanj",
      "Keshod",
      "Khambhat",
      "Lathi",
      "Limbdi",
      "Lunawada",
      "Mahesana",
      "Mahuva",
      "Manavadar",
      "Mandvi",
      "Mangrol",
      "Mansa",
      "Mahemdabad",
      "Modasa",
      "Morvi",
      "Nadiad",
      "Navsari",
      "Padra",
      "Palanpur",
      "Palitana",
      "Pardi",
      "Patan",
      "Petlad",
      "Porbandar",
      "Radhanpur",
      "Rajkot",
      "Rajpipla",
      "Rajula",
      "Ranavav",
      "Rapar",
      "Salaya",
      "Sanand",
      "Savarkundla",
      "Sidhpur",
      "Sihor",
      "Songadh",
      "Surat",
      "Talaja",
      "Thangadh",
      "Tharad",
      "Umbergaon",
      "Umreth",
      "Una",
      "Unjha",
      "Upleta",
      "Vadnagar",
      "Vadodara",
      "Valsad",
      "Vapi",
      "Vapi",
      "Veraval",
      "Vijapur",
      "Viramgam",
      "Visnagar",
      "Vyara",
      "Wadhwan",
      "Wankaner"
    ],
    "state": "Gujarat"
  },
  {
    "districts": [
      "Ambala",
      "Bhiwani",
      "Charkhi Dadri",
      "Faridabad",
      "Fatehabad",
      "Gurgaon",
      "Hisar",
      "Jhajjar",
      "Jind",
      "Kaithal",
      "Karnal",
      "Kurukshetra",
      "Mahendragarh",
      "Mewat",
      "Palwal",
      "Panchkula",
      "Panipat",
      "Rewari",
      "Rohtak",
      "Sirsa",
      "Sonipat",
      "Yamunanagar"
    ],
    "state": "Haryana"
  },
  {
    "districts": [
      "Mandi",
      "Nahan",
      "Palampur",
      "Shimla*",
      "Solan",
      "Sundarnagar"
    ],
    "state": "Himachal Pradesh"
  },
  {
    "districts": [
      "Anantnag",
      "Baramula",
      "Jammu",
      "Kathua",
      "Punch",
      "Rajauri",
      "Sopore",
      "Srinagar*",
      "Udhampur"
    ],
    "state": "Jammu and Kashmir"
  },
  {
    "districts": [
      "Adityapur",
      "Bokaro Steel City",
      "Chaibasa",
      "Chatra",
      "Chirkunda",
      "Medininagar (Daltonganj)",
      "Deoghar",
      "Dhanbad",
      "Dumka",
      "Giridih",
      "Gumia",
      "Hazaribag",
      "Jamshedpur",
      "Jhumri Tilaiya",
      "Lohardaga",
      "Madhupur",
      "Mihijam",
      "Musabani",
      "Pakaur",
      "Patratu",
      "Phusro",
      "Ramgarh",
      "Ranchi*",
      "Sahibganj",
      "Saunda",
      "Simdega",
      "Tenu dam-cum-Kathhara"
    ],
    "state": "Jharkhand"
  },
  {
    "districts": [
      "Adyar",
      "Afzalpur",
      "Arsikere",
      "Athni",
      "Bengaluru",
      "Belagavi",
      "Ballari",
      "Chikkamagaluru",
      "Davanagere",
      "Gokak",
      "Hubli-Dharwad",
      "Karwar",
      "Kolar",
      "Lakshmeshwar",
      "Lingsugur",
      "Maddur",
      "Madhugiri",
      "Madikeri",
      "Magadi",
      "Mahalingapura",
      "Malavalli",
      "Malur",
      "Mandya",
      "Mangaluru",
      "Manvi",
      "Mudalagi",
      "Mudabidri",
      "Muddebihal",
      "Mudhol",
      "Mulbagal",
      "Mundargi",
      "Nanjangud",
      "Nargund",
      "Navalgund",
      "Nelamangala",
      "Pavagada",
      "Piriyapatna",
      "Puttur",
      "Rabkavi Banhatti",
      "Raayachuru",
      "Ranebennuru",
      "Ramanagaram",
      "Ramdurg",
      "Ranibennur",
      "Robertson Pet",
      "Ron",
      "Sadalagi",
      "Sagara",
      "Sakaleshapura",
      "Sindagi",
      "Sanduru",
      "Sankeshwara",
      "Saundatti-Yellamma",
      "Savanur",
      "Sedam",
      "Shahabad",
      "Shahpur",
      "Shiggaon",
      "Shikaripur",
      "Shivamogga",
      "Surapura",
      "Shrirangapattana",
      "Sidlaghatta",
      "Sindhagi",
      "Sindhnur",
      "Sira",
      "Sirsi",
      "Siruguppa",
      "Srinivaspur",
      "Tarikere",
      "Tekkalakote",
      "Terdal",
      "Talikota",
      "Tiptur",
      "Tumkur",
      "Udupi",
      "Vijayapura",
      "Wadi",
      "Yadgir"
    ],
    "state": "Karnataka"
  },
  {
    "districts": ["Mysore"],
    "state": "Karnatka"
  },
  {
    "districts": [
      "Alappuzha",
      "Ernakulam",
      "Idukki",
      "Kannur",
      "Kasaragod",
      "Kollam",
      "Kottayam",
      "Kozhikode",
      "Kozhikode",
      "Malappuram",
      "Palakkad",
      "Pathanamthitta",
      "Thrissur",
      "Thiruvananthapuram",
      "Wayanad"
    ],
    "state": "Kerala"
  },
  {
    "districts": [
      "Agar Malwa",
      "Alirajpur",
      "Anuppur",
      "Ashoknagar",
      "Balaghat",
      "Barwani",
      "Betul",
      "Bhind",
      "Bhopal",
      "Burhanpur",
      "Chhatarpur",
      "Chhindwara",
      "Damoh",
      "Datia",
      "Dewas",
      "Dhar",
      "Dindori",
      "Guna",
      "Gwalior",
      "Harda",
      "Hoshangabad",
      "Indore",
      "Jabalpur",
      "Jhabua",
      "Katni",
      "Khandwa",
      "Khargone",
      "Mandla",
      "Mandsaur",
      "Morena",
      "Narsinghpur",
      "Neemuch",
      "Niwari",
      "Panna",
      "Raisen",
      "Rajgarh",
      "Ratlam",
      "Rewa",
      "Sagar",
      "Satna",
      "Sehore",
      "Seoni",
      "Shahdol",
      "Shajapur",
      "Sheopur",
      "Shivpuri",
      "Sidhi",
      "Singrauli",
      "Tikamgarh",
      "Ujjain",
      "Umaria",
      "Vidisha"
    ],
    "state": "Madhya Pradesh"
  },
  {
    "districts": [
      "Ahmednagar",
      "Akola",
      "Amravati",
      "Aurangabad",
      "Beed",
      "Bhandara",
      "Buldhana",
      "Chandrapur",
      "Dhule",
      "Gadchiroli",
      "Gondia",
      "Hingoli",
      "Jalgaon",
      "Jalna",
      "Kolhapur",
      "Latur",
      "Mumbai City",
      "Mumbai Suburban",
      "Nagpur",
      "Nanded",
      "Nandurbar",
      "Nashik",
      "Osmanabad",
      "Palghar",
      "Parbhani",
      "Pune",
      "Raigad",
      "Ratnagiri",
      "Sangli",
      "Satara",
      "Sindhudurg",
      "Solapur",
      "Thane",
      "Wardha",
      "Washim",
      "Yavatmal"
    ],
    "state": "Maharashtra"
  },
  {
    "districts": ["Imphal*", "Lilong", "Mayang Imphal", "Thoubal"],
    "state": "Manipur"
  },
  {
    "districts": ["Nongstoin", "Shillong*", "Tura"],
    "state": "Meghalaya"
  },
  {
    "districts": ["Aizawl", "Lunglei", "Saiha"],
    "state": "Mizoram"
  },
  {
    "districts": [
      "Dimapur",
      "Kohima*",
      "Mokokchung",
      "Tuensang",
      "Wokha",
      "Zunheboto"
    ],
    "state": "Nagaland"
  },
  {
    "districts": [
      "Angul",
      "Balangir",
      "Balasore",
      "Bargarh",
      "Bhadrak",
      "Boudh",
      "Cuttack",
      "Deogarh",
      "Dhenkanal",
      "Gajapati",
      "Ganjam",
      "Jagatsinghpur",
      "Jajpur",
      "Jharsuguda",
      "Kalahandi",
      "Kandhamal",
      "Kendrapara",
      "Kendujhar",
      "Khordha",
      "Koraput",
      "Malkangiri",
      "Mayurbhanj",
      "Nabarangpur",
      "Nayagarh",
      "Nuapada",
      "Puri",
      "Rayagada",
      "Sambalpur",
      "Subarnapur",
      "Sundargarh"
    ],
    "state": "Odisha"
  },
  {
    "districts": ["Karaikal", "Mahe", "Pondicherry*", "Yanam"],
    "state": "Puducherry"
  },
  {
    "districts": [
      "Amritsar",
      "Barnala",
      "Batala",
      "Bathinda",
      "Dhuri",
      "Faridkot",
      "Fazilka",
      "Firozpur",
      "Firozpur Cantt.",
      "Gobindgarh",
      "Gurdaspur",
      "Hoshiarpur",
      "Jagraon",
      "Jalandhar Cantt.",
      "Jalandhar",
      "Kapurthala",
      "Khanna",
      "Kharar",
      "Kot Kapura",
      "Longowal",
      "Ludhiana",
      "Malerkotla",
      "Malout",
      "Mansa",
      "Moga",
      "Mohali",
      "Morinda, India",
      "Mukerian",
      "Muktsar",
      "Nabha",
      "Nakodar",
      "Nangal",
      "Nawanshahr",
      "Pathankot",
      "Patiala",
      "Pattran",
      "Patti",
      "Phagwara",
      "Phillaur",
      "Qadian",
      "Raikot",
      "Rajpura",
      "Rampura Phul",
      "Rupnagar",
      "Samana",
      "Sangrur",
      "Sirhind Fatehgarh Sahib",
      "Sujanpur",
      "Sunam",
      "Talwara",
      "Tarn Taran",
      "Urmar Tanda",
      "Zira",
      "Zirakpur"
    ],
    "state": "Punjab"
  },
  {
    "districts": [
      "Ajmer",
      "Alwar",
      "Bikaner",
      "Bharatpur",
      "Bhilwara",
      "Jaipur*",
      "Jodhpur",
      "Lachhmangarh",
      "Ladnu",
      "Lakheri",
      "Lalsot",
      "Losal",
      "Makrana",
      "Malpura",
      "Mandalgarh",
      "Mandawa",
      "Mangrol",
      "Merta City",
      "Mount Abu",
      "Nadbai",
      "Nagar",
      "Nagaur",
      "Nasirabad",
      "Nathdwara",
      "Neem-Ka-Thana",
      "Nimbahera",
      "Nohar",
      "Nokha",
      "Pali",
      "Phalodi",
      "Phulera",
      "Pilani",
      "Pilibanga",
      "Pindwara",
      "Pipar City",
      "Prantij",
      "Pratapgarh",
      "Raisinghnagar",
      "Rajakhera",
      "Rajaldesar",
      "Rajgarh (Alwar)",
      "Rajgarh (Churu)",
      "Rajsamand",
      "Ramganj Mandi",
      "Ramngarh",
      "Ratangarh",
      "Rawatbhata",
      "Rawatsar",
      "Reengus",
      "Sadri",
      "Sadulshahar",
      "Sadulpur",
      "Sagwara",
      "Sambhar",
      "Sanchore",
      "Sangaria",
      "Sardarshahar",
      "Sawai Madhopur",
      "Shahpura",
      "Shahpura",
      "Sheoganj",
      "Sikar",
      "Sirohi",
      "Sojat",
      "Sri Madhopur",
      "Sujangarh",
      "Sumerpur",
      "Suratgarh",
      "Taranagar",
      "Todabhim",
      "Todaraisingh",
      "Tonk",
      "Udaipur",
      "Udaipurwati",
      "Vijainagar, Ajmer"
    ],
    "state": "Rajasthan"
  },
  {
    "districts": [
      "Arakkonam",
      "Aruppukkottai",
      "Chennai*",
      "Coimbatore",
      "Erode",
      "Gobichettipalayam",
      "Kancheepuram",
      "Karur",
      "Lalgudi",
      "Madurai",
      "Manachanallur",
      "Nagapattinam",
      "Nagercoil",
      "Namagiripettai",
      "Namakkal",
      "Nandivaram-Guduvancheri",
      "Nanjikottai",
      "Natham",
      "Nellikuppam",
      "Neyveli (TS)",
      "O' Valley",
      "Oddanchatram",
      "P.N.Patti",
      "Pacode",
      "Padmanabhapuram",
      "Palani",
      "Palladam",
      "Pallapatti",
      "Pallikonda",
      "Panagudi",
      "Panruti",
      "Paramakudi",
      "Parangipettai",
      "Pattukkottai",
      "Perambalur",
      "Peravurani",
      "Periyakulam",
      "Periyasemur",
      "Pernampattu",
      "Pollachi",
      "Polur",
      "Ponneri",
      "Pudukkottai",
      "Pudupattinam",
      "Puliyankudi",
      "Punjaipugalur",
      "Ranipet",
      "Rajapalayam",
      "Ramanathapuram",
      "Rameshwaram",
      "Rasipuram",
      "Salem",
      "Sankarankoil",
      "Sankari",
      "Sathyamangalam",
      "Sattur",
      "Shenkottai",
      "Sholavandan",
      "Sholingur",
      "Sirkali",
      "Sivaganga",
      "Sivagiri",
      "Sivakasi",
      "Srivilliputhur",
      "Surandai",
      "Suriyampalayam",
      "Tenkasi",
      "Thammampatti",
      "Thanjavur",
      "Tharamangalam",
      "Tharangambadi",
      "Theni Allinagaram",
      "Thirumangalam",
      "Thirupuvanam",
      "Thiruthuraipoondi",
      "Thiruvallur",
      "Thiruvarur",
      "Thuraiyur",
      "Tindivanam",
      "Tiruchendur",
      "Tiruchengode",
      "Tiruchirappalli",
      "Tirukalukundram",
      "Tirukkoyilur",
      "Tirunelveli",
      "Tirupathur",
      "Tirupathur",
      "Tiruppur",
      "Tiruttani",
      "Tiruvannamalai",
      "Tiruvethipuram",
      "Tittakudi",
      "Udhagamandalam",
      "Udumalaipettai",
      "Unnamalaikadai",
      "Usilampatti",
      "Uthamapalayam",
      "Uthiramerur",
      "Vadakkuvalliyur",
      "Vadalur",
      "Vadipatti",
      "Valparai",
      "Vandavasi",
      "Vaniyambadi",
      "Vedaranyam",
      "Vellakoil",
      "Vellore",
      "Vikramasingapuram",
      "Viluppuram",
      "Virudhachalam",
      "Virudhunagar",
      "Viswanatham"
    ],
    "state": "Tamil Nadu"
  },
  {
    "districts": [
      "Adilabad",
      "Bellampalle",
      "Bhadrachalam",
      "Bhainsa",
      "Bhongir",
      "Bodhan",
      "Farooqnagar",
      "Gadwal",
      "Hyderabad*",
      "Jagtial",
      "Jangaon",
      "Kagaznagar",
      "Kamareddy",
      "Karimnagar",
      "Khammam",
      "Koratla",
      "Kothagudem",
      "Kyathampalle",
      "Mahbubnagar",
      "Mancherial",
      "Mandamarri",
      "Manuguru",
      "Medak",
      "Miryalaguda",
      "Nagarkurnool",
      "Narayanpet",
      "Nirmal",
      "Nizamabad",
      "Palwancha",
      "Ramagundam",
      "Sadasivpet",
      "Sangareddy",
      "Siddipet",
      "Sircilla",
      "Suryapet",
      "Tandur",
      "Vikarabad",
      "Wanaparthy",
      "Warangal",
      "Yellandu"
    ],
    "state": "Telangana"
  },
  {
    "districts": [
      "Agartala*",
      "Belonia",
      "Dharmanagar",
      "Kailasahar",
      "Khowai",
      "Pratapgarh",
      "Udaipur"
    ],
    "state": "Tripura"
  },
  {
    "districts": [
      "Agra",
      "Aligarh",
      "Allahabad (Prayagraj)",
      "Ambedkar Nagar",
      "Amethi",
      "Amroha",
      "Auraiya",
      "Azamgarh",
      "Baghpat",
      "Bahraich",
      "Ballia",
      "Balrampur",
      "Banda",
      "Barabanki",
      "Bareilly",
      "Basti",
      "Bhadohi",
      "Bijnor",
      "Budaun",
      "Bulandshahr",
      "Chandauli",
      "Chitrakoot",
      "Deoria",
      "Etah",
      "Etawah",
      "Faizabad (Ayodhya)",
      "Farrukhabad",
      "Fatehpur",
      "Firozabad",
      "Gautam Buddha Nagar (Noida)",
      "Ghaziabad",
      "Ghazipur",
      "Gonda",
      "Gorakhpur",
      "Hamirpur",
      "Hapur",
      "Hardoi",
      "Hathras",
      "Jalaun",
      "Jaunpur",
      "Jhansi",
      "Kannauj",
      "Kanpur Dehat",
      "Kanpur Nagar",
      "Kasganj",
      "Kaushambi",
      "Kushinagar",
      "Lakhimpur Kheri",
      "Lalitpur",
      "Lucknow",
      "Maharajganj",
      "Mahoba",
      "Mainpuri",
      "Mathura",
      "Mau",
      "Meerut",
      "Mirzapur",
      "Moradabad",
      "Muzaffarnagar",
      "Pilibhit",
      "Pratapgarh",
      "Raebareli",
      "Rampur",
      "Saharanpur",
      "Sambhal",
      "Sant Kabir Nagar",
      "Shahjahanpur",
      "Shamli",
      "Shravasti",
      "Siddharthnagar",
      "Sitapur",
      "Sonbhadra",
      "Sultanpur",
      "Unnao",
      "Varanasi"
    ],
    "state": "Uttar Pradesh"
  },
  {
    "districts": [
      "Bageshwar",
      "Dehradun",
      "Haldwani-cum-Kathgodam",
      "Hardwar",
      "Kashipur",
      "Manglaur",
      "Mussoorie",
      "Nagla",
      "Nainital",
      "Pauri",
      "Pithoragarh",
      "Ramnagar",
      "Rishikesh",
      "Roorkee",
      "Rudrapur",
      "Sitarganj",
      "Srinagar",
      "Tehri"
    ],
    "state": "Uttarakhand"
  },
  {
    "districts": [
      "Alipurduar",
      "Bankura",
      "Birbhum",
      "Cooch Behar",
      "Dakshin Dinajpur (South Dinajpur)",
      "Darjeeling",
      "Hooghly",
      "Howrah",
      "Jalpaiguri",
      "Jhargram",
      "Kalimpong",
      "Kolkata",
      "Malda",
      "Murshidabad",
      "Nadia",
      "North 24 Parganas",
      "Paschim Bardhaman (West Bardhaman)",
      "Paschim Medinipur (West Medinipur)",
      "Purba Bardhaman (East Bardhaman)",
      "Purba Medinipur (East Medinipur)",
      "Purulia",
      "South 24 Parganas",
      "Uttar Dinajpur (North Dinajpur)"
    ],
    "state": "West Bengal"
  },
  {
    "districts": ["N/A"],
    "state": "Others"
  }
]

    },
    {
      "country": "Saudi Arabia",
      "states": [
        {
          "state": "Riyadh Region",
          "districts": ["Riyadh", "Diriyah", "Al Kharj"]
        },
        {
          "state": "Makkah Region",
          "districts": ["Jeddah", "Mecca", "Taif"]
        }
      ]
    },
    {
      "country": "United States",
      "states": [
        {
          "state": "California",
          "districts": ["Los Angeles County", "San Diego County", "Orange County"]
        },
        {
          "state": "Texas",
          "districts": ["Harris County", "Dallas County", "Tarrant County"]
        }
      ]
    },
    {
      "country": "uae",
      "states": [
        {
          "state": "California",
          "districts": ["Los Angeles County", "San Diego County", "Orange County"]
        },
        {
          "state": "Texas",
          "districts": ["Harris County", "Dallas County", "Tarrant County"]
        }
      ]
    },
    {
      "country": "qatar",
      "states": [
        {
          "state": "California",
          "districts": ["Los Angeles County", "San Diego County", "Orange County"]
        },
        {
          "state": "Texas",
          "districts": ["Harris County", "Dallas County", "Tarrant County"]
        }
      ]
    },
    {
      "country": "dubai",
      "states": [
        {
          "state": "California",
          "districts": ["Los Angeles County", "San Diego County", "Orange County"]
        },
        {
          "state": "Texas",
          "districts": ["Harris County", "Dallas County", "Tarrant County"]
        }
      ]
    }
  ]
}
